指标,ADAS3 vs ADAS1,ADAS3 vs ADAS2,ADAS3 vs Fusion_Feature
平均MSE,6.447403,10.212799,4.630915
MSE标准差,7.236858,11.522071,4.334212
MSE最小值,0.000001,0.000001,0.000965
MSE最大值,43.793419,52.667759,17.574795

平均RMSE,2.130990,2.664525,1.879487
RMSE标准差,1.380683,1.764400,1.048067
RMSE最小值,0.000841,0.001141,0.031059
RMSE最大值,6.617660,7.257256,4.192230

融合改进分析,,,
相比最佳单一ADAS的MSE改进率,,,28.17% (更好)
相比最佳单一ADAS的RMSE改进率,,,11.80% (更好)
