指标,ADAS3 vs ADAS1,ADAS3 vs ADAS2,ADAS3 vs Fusion_Feature
平均MSE,7.263788,7.279046,4.924269
MSE标准差,8.878202,9.250005,6.039517
MSE最小值,0.000000,0.000000,0.001903
MSE最大值,38.043274,59.254045,16.232948

平均RMSE,2.194215,2.139620,1.699468
RMSE标准差,1.564994,1.643493,1.426912
RMSE最小值,0.000000,0.000014,0.043622
RMSE最大值,6.167923,7.697665,4.029013

融合改进分析,,,
相比最佳单一ADAS的MSE改进率,,,32.21% (更好)
相比最佳单一ADAS的RMSE改进率,,,20.57% (更好)
